amino_acid,Helicoverpa_zea-GCF_022581195.2_ilHelZeax1.1_translated_cds.faa,Aricia_agestis-GCF_905147365.1_ilAriAges1.1_translated_cds.faa,Helicoverpa_armigera-GCF_023701775.1_HaSCD2_translated_cds.faa,Pectinophora_gossypiella-GCF_024362695.1_ilPecGoss1.1_translated_cds.faa,Amyelois_transitella-GCF_032362555.1_ilAmyTran1.1_translated_cds.faa,Pieris_brassicae-GCF_905147105.1_ilPieBrab1.1_translated_cds.faa,Melitaea_cinxia-GCF_905220565.1_ilMelCinx1.1_translated_cds.faa,Pararge_aegeria-GCF_905163445.1_ilParAegt1.1_translated_cds.faa,Nymphalis_io-GCF_905147045.1_ilAglIoxx1.1_translated_cds.faa,Galleria_mellonella-GCF_026898425.1_CSIRO_AGI_GalMel_v1_translated_cds.faa,Vanessa_atalanta-GCF_905147765.1_ilVanAtal1.2_translated_cds.faa,Ostrinia_furnacalis-GCF_004193835.1_ASM419383v1_translated_cds.faa,Leptidea_sinapis-GCF_905404315.1_ilLepSina1.1_translated_cds.faa,Pieris_napi-GCF_905475465.1_ilPieNapi1.2_translated_cds.faa,Leguminivora_glycinivorella-GCF_023078275.1_LegGlyc_1.1_translated_cds.faa,Vanessa_cardui-GCF_905220365.1_ilVanCard2.1_translated_cds.faa,Bombyx_mori-GCF_014905235.1_Bmori_2016v1.0_translated_cds.faa,Plutella_xylostella-GCF_932276165.1_ilPluXylo3.1_translated_cds.faa,Achroia_grisella-GCF_030625045.1_CSIRO_AGI_Agris_v1_translated_cds.faa,Papilio_machaon-GCF_912999745.1_ilPapMach1.1_translated_cds.faa,Zerene_cesonia-GCF_012273895.1_Zerene_cesonia_1.1_translated_cds.faa,Danaus_plexippus-GCF_018135715.1_MEX_DaPlex_translated_cds.faa,Colias_croceus-GCF_905220415.1_ilColCroc2.1_translated_cds.faa,Spodoptera_frugiperda-GCF_023101765.2_AGI-APGP_CSIRO_Sfru_2.0_translated_cds.faa,Cydia_pomonella-GCF_033807575.1_ilCydPomo1_translated_cds.faa,Pieris_rapae-GCF_905147795.1_ilPieRapa1.1_translated_cds.faa,Plodia_interpunctella-GCF_027563975.1_ilPloInte3.1_translated_cds.faa,Manduca_sexta-GCF_014839805.1_JHU_Msex_v1.0_translated_cds.faa,Spodoptera_litura-GCF_002706865.1_ASM270686v1_translated_cds.faa,Bombyx_mandarina-GCF_003987935.1_ASM398793v1_translated_cds.faa,Trichoplusia_ni-GCF_003590095.1_tn1_translated_cds.faa,Papilio_polytes-GCF_000836215.1_Ppol_1.0_translated_cds.faa,Maniola_jurtina-GCF_905333055.1_ilManJurt1.1_translated_cds.faa,Bicyclus_anynana-GCF_947172395.1_ilBicAnyn1.1_translated_cds.faa,Vanessa_tameamea-GCF_002938995.1_ASM293899v1_translated_cds.faa,amino_acid
A,883,3833,1218,6570,1714,201,2041,2672,265,6592,457,11217,4188,767,5257,917,2540,9183,1955,3055,1866,1259,1494,2206,7519,404,3153,4545,15459,1429,6442,2534,2949,3940,431,A
R,674,2135,924,3933,1266,140,1812,1803,189,4551,404,8539,2160,618,4526,428,3533,5782,1759,1871,1331,1232,949,1749,5832,241,1749,3208,7649,1239,4056,2178,2452,3054,392,R
N,803,3644,1173,5477,1501,194,1669,2366,219,5863,259,6015,4960,580,2955,568,1221,6254,2021,1693,1259,1633,1650,2078,3585,421,3151,3644,9658,860,4804,1743,1931,2331,320,N
D,612,2688,1139,4796,1503,223,1380,2126,446,4330,569,7175,2955,523,3380,818,1070,5727,1598,1072,1303,1994,908,2394,4173,330,2115,3855,11302,886,4518,2108,2051,2376,302,D
C,285,996,290,1167,326,84,520,1072,84,2348,141,2381,908,156,1359,107,376,2348,491,778,417,487,319,539,2329,58,682,1432,1835,420,1357,620,1180,1482,116,C
E,566,3155,997,6995,1450,295,1749,2099,250,6690,594,8891,3165,807,3886,466,2422,6596,2329,1347,1485,1728,1268,3008,4835,496,2274,4901,14873,1119,5279,2441,2230,2701,376,E
Q,355,2189,719,3595,1322,91,1125,1686,121,4048,462,6360,2530,332,2382,708,1229,5055,953,1168,1184,1098,660,1495,3429,191,1656,2661,7936,634,3718,1421,1307,1625,273,Q
G,777,3773,1238,6263,2291,269,1939,2312,187,4154,352,8624,6428,489,4587,463,3596,7366,1985,3283,1361,2031,2026,1963,5520,445,3535,4792,13166,1209,7351,2058,2528,3556,451,G
H,246,1271,499,2006,671,85,580,912,89,2368,82,3199,1090,321,1862,197,629,2775,633,796,572,587,682,1026,2479,169,972,1755,3869,470,2110,859,1528,1370,167,H
I,550,2604,829,4417,1158,245,1393,1918,206,7315,338,5723,2543,541,2852,255,935,5140,1558,888,916,1159,977,1728,3648,204,2532,3240,13149,1058,3907,1738,1557,2195,338,I
L,631,3605,1247,5587,2140,328,2024,2772,202,8808,424,10614,3551,776,5156,551,1473,8291,2137,1619,1775,1867,1270,2414,6935,609,3151,4932,16963,1568,5031,2935,2459,3673,528,L
K,732,3215,1212,6488,1537,247,1836,2631,231,6650,382,7679,3198,650,3890,388,1909,7811,1404,1149,1333,1561,939,2088,5040,181,2543,3995,13985,984,4751,2176,2161,2571,310,K
M,251,829,377,1863,748,76,491,709,77,1827,204,2756,855,280,1285,105,444,2218,530,458,463,430,557,645,1576,112,848,1425,5055,438,1375,787,724,895,136,M
F,316,1343,512,2296,933,167,748,1289,62,3345,134,3735,1868,377,1639,121,651,3536,975,599,662,837,561,1023,2289,140,1362,1983,7672,688,2461,1002,1096,1296,220,F
P,692,3043,1032,6487,1775,265,1706,1780,220,4159,412,9487,2753,1073,4131,790,1824,7437,2156,1796,1719,1992,1488,3704,5647,1157,2987,5696,8266,1271,5777,2276,2813,4054,334,P
S,1313,4580,1583,7696,4074,270,2692,3402,287,12151,490,11953,6511,1305,6057,535,1694,10077,3050,3643,2087,2175,2544,3560,7291,528,6173,6305,11912,1681,8144,3160,3652,4634,473,S
T,1522,3156,1264,12519,1985,141,1524,2422,199,5798,441,8440,3384,1084,4376,423,1839,7106,2543,2122,1218,1548,1394,3600,5667,386,3139,4361,11520,1508,6303,2242,2802,4288,337,T
W,139,343,136,701,240,23,210,355,14,1288,39,1321,518,74,634,47,266,958,287,184,174,138,156,291,837,46,447,530,1933,195,630,355,250,555,64,W
Y,429,1955,582,2620,729,166,763,1251,153,2747,179,3828,1886,414,1732,100,510,3639,793,777,553,927,777,1082,2382,203,1807,2134,6723,534,2382,1021,1016,1331,166,Y
V,738,3171,1075,5749,1339,238,1663,2093,297,4852,732,8439,2989,783,3738,603,1336,6763,1715,2043,1254,1136,1110,2430,5172,798,2442,4534,12838,1343,4866,2159,2211,3026,393,V
