"","Helicoverpa_zea","Aricia_agestis","Helicoverpa_armigera","Pectinophora_gossypiella","Amyelois_transitella","Pieris_brassicae","Melitaea_cinxia","Pararge_aegeria","Nymphalis_io","Galleria_mellonella","Vanessa_atalanta","Ostrinia_furnacalis","Leptidea_sinapis","Pieris_napi","Leguminivora_glycinivorella","Vanessa_cardui","Bombyx_mori","Plutella_xylostella","Achroia_grisella","Papilio_machaon","Zerene_cesonia","Danaus_plexippus","Colias_croceus","Spodoptera_frugiperda","Cydia_pomonella","Pieris_rapae","Plodia_interpunctella","Manduca_sexta","Spodoptera_litura","Bombyx_mandarina","Trichoplusia_ni","Papilio_polytes","Maniola_jurtina","Bicyclus_anynana","Vanessa_tameamea"
"A",0.070560972,0.074386741,0.067494182,0.067575212,0.059717093,0.053628602,0.073246008,0.070931776,0.069773565,0.065996556,0.064411557,0.082250543,0.071663244,0.0641841,0.080034712,0.106752037,0.086110452,0.080508846,0.063325991,0.100688837,0.08137101,0.048762539,0.06875604,0.056530764,0.08724256,0.056749543,0.067490047,0.064995424,0.078967936,0.0731545,0.075555347,0.070756429,0.075815616,0.077326163,0.070344377
"R",0.053859677,0.041433784,0.051202483,0.040452558,0.044108425,0.037353255,0.065027813,0.047863021,0.049763033,0.045562853,0.056941508,0.062613656,0.036960986,0.051715481,0.06890567,0.049825378,0.119774892,0.050691729,0.056977196,0.061665733,0.058041165,0.047716798,0.043674352,0.044819722,0.067668388,0.033853069,0.03743739,0.045875758,0.039072756,0.063427869,0.047571016,0.060815905,0.063038281,0.05993759,0.063979109
"N",0.064168132,0.070718832,0.065000554,0.056333248,0.052296007,0.051760939,0.059895927,0.062808601,0.057661927,0.05869809,0.036504581,0.044106001,0.084873374,0.048535565,0.044988125,0.066123399,0.04139404,0.054829829,0.065463851,0.055799084,0.054901448,0.063247996,0.075935386,0.053250647,0.041596566,0.059137519,0.067447237,0.052110742,0.049335165,0.044025801,0.056343975,0.048669478,0.049643931,0.045748042,0.052227844
"D",0.048905226,0.052165813,0.06311648,0.049328876,0.052365689,0.059498399,0.049524493,0.056437483,0.117430226,0.043350286,0.080197322,0.052611897,0.050564682,0.04376569,0.051458498,0.095227008,0.036274875,0.050209535,0.051762115,0.035331729,0.056820164,0.077229947,0.041787473,0.061348436,0.048419098,0.046354825,0.04527163,0.055128132,0.057733075,0.045356814,0.052989609,0.058861307,0.052729002,0.046631209,0.049290028
"C",0.022774493,0.019329297,0.016070043,0.012003086,0.011358094,0.022411953,0.018661403,0.028457659,0.022116904,0.023507268,0.01987315,0.017459084,0.015537303,0.013054393,0.02068997,0.012456345,0.012747059,0.020585296,0.015904379,0.025641871,0.018184197,0.018862078,0.014680841,0.013812367,0.027023264,0.008147212,0.014598228,0.020478206,0.009373579,0.021500973,0.015915648,0.017312149,0.03033653,0.029085628,0.018932593
"E",0.045229343,0.061228846,0.0552477,0.071946516,0.050519128,0.078708645,0.062766912,0.055720733,0.065824118,0.066977694,0.08372093,0.065194756,0.054158111,0.067531381,0.059162049,0.054249127,0.082110045,0.057828199,0.075440529,0.044395373,0.064756672,0.066927457,0.058355194,0.077082746,0.056100249,0.069672707,0.048675029,0.070086375,0.07597452,0.057284734,0.061915038,0.068159607,0.0573309,0.053009636,0.061367717
"Q",0.028368228,0.042481757,0.039842624,0.036976086,0.046059508,0.024279616,0.040373228,0.044757101,0.031858873,0.040527011,0.065116279,0.046635772,0.043292266,0.027782427,0.036264539,0.08242142,0.041665254,0.044318002,0.030869396,0.038495765,0.051630909,0.042526821,0.030374154,0.03831074,0.039786506,0.026829611,0.035446723,0.038053426,0.040538815,0.03245623,0.043606765,0.039678329,0.033601563,0.031892136,0.044556879
"G",0.062090459,0.073222326,0.06860246,0.064417588,0.079820222,0.071771612,0.069585502,0.0613751,0.04923644,0.041588242,0.049612403,0.063236933,0.109993155,0.040920502,0.069834358,0.053899884,0.121910703,0.064578913,0.064297746,0.108203421,0.059349381,0.078663,0.09323945,0.050303667,0.064048268,0.062508779,0.075666767,0.068527628,0.067254793,0.061892086,0.086216603,0.057465166,0.064992159,0.069789806,0.073608618
"H",0.019657983,0.024666201,0.027651557,0.020632553,0.023378162,0.022678762,0.020814642,0.024210247,0.023433386,0.023707501,0.011557435,0.023457207,0.018651608,0.026861925,0.028347847,0.022933644,0.021324202,0.024328874,0.020504017,0.026235127,0.024943311,0.022735195,0.031386626,0.026292187,0.028763706,0.023739289,0.020805685,0.025097243,0.019763694,0.024060612,0.02474725,0.023985704,0.039283235,0.026887524,0.027256406
"I",0.043950775,0.050535631,0.045938158,0.045430702,0.040345621,0.065368196,0.049991028,0.050915848,0.054239073,0.073234953,0.047639183,0.041964862,0.043514716,0.045271967,0.043420011,0.029685681,0.031698139,0.045063211,0.050466442,0.029267328,0.039944183,0.044889423,0.044962953,0.044281578,0.042327551,0.02865571,0.054197526,0.046333371,0.067167953,0.054161974,0.045823462,0.048529863,0.040028794,0.043078916,0.05516566
"L",0.050423526,0.069961962,0.069101186,0.057464644,0.074559264,0.08751334,0.072635923,0.073586408,0.053185887,0.088182291,0.059760395,0.077828944,0.060763176,0.064937238,0.078497046,0.064144354,0.049937282,0.072688538,0.069221301,0.05336014,0.077402756,0.072311089,0.058447236,0.061860954,0.080466438,0.085545723,0.067447237,0.070529688,0.086650695,0.080270298,0.059006357,0.081953481,0.063218243,0.07208604,0.086175943
"K",0.058494486,0.062393262,0.067161698,0.066731808,0.053550275,0.065901814,0.065889108,0.069843377,0.060821485,0.06657723,0.053840733,0.056307561,0.054722793,0.054393305,0.059222946,0.045168801,0.064718446,0.0684803,0.045478103,0.037869549,0.05812838,0.060459352,0.043214138,0.053506906,0.058478854,0.025424919,0.054432981,0.057130191,0.071438423,0.050373707,0.055722362,0.060760059,0.055556984,0.050458265,0.050595724
"M",0.020057536,0.01608834,0.020891056,0.019161738,0.026060902,0.020277481,0.017620671,0.018821343,0.020273828,0.018291218,0.028752643,0.020208834,0.01463039,0.023430962,0.019563364,0.012223516,0.015052378,0.019445565,0.01716766,0.015095086,0.020190127,0.016654402,0.025633945,0.016528714,0.018286245,0.015732547,0.018151462,0.020378103,0.02582204,0.022422443,0.016126762,0.02197526,0.018613261,0.017565207,0.022196834
"F",0.025251718,0.026063499,0.028371938,0.023615325,0.032506446,0.044557097,0.026843711,0.034218211,0.016324381,0.033488847,0.01888654,0.027387517,0.031964408,0.031548117,0.024952804,0.014086147,0.022070041,0.031000684,0.031582016,0.019742263,0.028867957,0.032417987,0.025818031,0.026215309,0.026559146,0.019665683,0.029153645,0.028357739,0.039190245,0.035220641,0.028863972,0.027978667,0.02817698,0.025435205,0.035906643
"P",0.055298066,0.059055271,0.057187188,0.066721522,0.06184238,0.070704376,0.061223757,0.047252456,0.057925224,0.0416383,0.058069063,0.069565026,0.047108145,0.089790795,0.062892029,0.091967404,0.061836797,0.065201382,0.069836745,0.05919383,0.074960754,0.077152485,0.068479912,0.094918381,0.065521843,0.162522826,0.063936812,0.081455211,0.042224527,0.065066039,0.067755858,0.063552341,0.072319202,0.079563519,0.054512812
"S",0.104922487,0.088883714,0.08772027,0.079156596,0.141941328,0.07203842,0.096608649,0.090310592,0.075566087,0.121651115,0.06906272,0.087647387,0.111413415,0.109205021,0.092214238,0.062281723,0.057429569,0.088346689,0.098795025,0.120068554,0.091008198,0.084240288,0.117078559,0.09122825,0.084597088,0.07416772,0.132133225,0.090164169,0.060849088,0.086055083,0.095517347,0.088236115,0.093888989,0.090946559,0.077199282
"T",0.121623781,0.061248253,0.070043223,0.128763178,0.069158944,0.037620064,0.054692266,0.064295195,0.052395998,0.058047335,0.062156448,0.061887722,0.057905544,0.090711297,0.066622008,0.049243306,0.062345323,0.062299451,0.082372376,0.069938367,0.053113553,0.059955846,0.064153896,0.092253287,0.065753901,0.054221098,0.067190376,0.062364146,0.058846667,0.07719873,0.073925078,0.062602965,0.072036404,0.084155987,0.055002448
"W",0.01110756,0.006656575,0.007536296,0.00721008,0.008361787,0.006136606,0.007536336,0.009423945,0.003686151,0.012894958,0.005496829,0.009686455,0.008863792,0.006192469,0.009652275,0.005471478,0.009017866,0.008398941,0.00929645,0.006064401,0.00758765,0.005344901,0.007179346,0.007457141,0.009711667,0.006461582,0.009568047,0.007579224,0.009874185,0.009982594,0.007388989,0.009912602,0.006427231,0.010892391,0.010445569
"Y",0.034281605,0.037940537,0.032250914,0.026947801,0.025398927,0.044290288,0.02738202,0.03320945,0.04028436,0.027501902,0.025229035,0.028069455,0.032272416,0.034644351,0.026368674,0.011641444,0.017289894,0.031903701,0.025686706,0.025608912,0.024114774,0.035903792,0.035758664,0.027727238,0.02763822,0.028515241,0.038678882,0.030517103,0.034342547,0.027336951,0.027937416,0.028509201,0.026120266,0.026122113,0.027093194
"V",0.01474348725,0.01538483925,0.014892497,0.0147827205,0.01166295025,0.0158751335,0.01492015075,0.01389036375,0.019549763,0.01214408725,0.02579281175,0.0154700975,0.01278661875,0.01638075325,0.014227209,0.01754947625,0.0113231855,0.01482307875,0.013887989,0.0168336575,0.013670853,0.0109996515,0.01277095125,0.015567742,0.01500261075,0.02802359875,0.01306776825,0.01620952975,0.01639482425,0.01718798,0.01426778625,0.01507134275,0.0142106075,0.014847016,0.01603558025
